model_name,metric_name,metric_value,split,run_timestamp
LogisticRegression,accuracy,0.7490118577075099,train,2026-05-11T00:04:41
LogisticRegression,balanced_accuracy,0.7590682409104471,train,2026-05-11T00:04:41
LogisticRegression,precision_high_risk,0.430327868852459,train,2026-05-11T00:04:41
LogisticRegression,recall_high_risk,0.7758620689655172,train,2026-05-11T00:04:41
LogisticRegression,f1_high_risk,0.5536028119507908,train,2026-05-11T00:04:41
LogisticRegression,precision_low_risk,0.9295665634674922,train,2026-05-11T00:04:41
LogisticRegression,recall_low_risk,0.742274412855377,train,2026-05-11T00:04:41
LogisticRegression,f1_low_risk,0.8254295532646048,train,2026-05-11T00:04:41
LogisticRegression,accuracy,0.7100456621004566,test,2026-05-11T00:04:41
LogisticRegression,balanced_accuracy,0.6953103083446214,test,2026-05-11T00:04:41
LogisticRegression,precision_high_risk,0.38095238095238093,test,2026-05-11T00:04:41
LogisticRegression,recall_high_risk,0.6703910614525139,test,2026-05-11T00:04:41
LogisticRegression,f1_high_risk,0.4858299595141701,test,2026-05-11T00:04:41
LogisticRegression,precision_low_risk,0.8948306595365418,test,2026-05-11T00:04:41
LogisticRegression,recall_low_risk,0.7202295552367288,test,2026-05-11T00:04:41
LogisticRegression,f1_low_risk,0.7980922098569158,test,2026-05-11T00:04:41
LightGBM,accuracy,1.0,train,2026-05-11T00:04:41
LightGBM,balanced_accuracy,1.0,train,2026-05-11T00:04:41
LightGBM,precision_high_risk,1.0,train,2026-05-11T00:04:41
LightGBM,recall_high_risk,1.0,train,2026-05-11T00:04:41
LightGBM,f1_high_risk,1.0,train,2026-05-11T00:04:41
LightGBM,precision_low_risk,1.0,train,2026-05-11T00:04:41
LightGBM,recall_low_risk,1.0,train,2026-05-11T00:04:41
LightGBM,f1_low_risk,1.0,train,2026-05-11T00:04:41
LightGBM,accuracy,0.795662100456621,test,2026-05-11T00:04:41
LightGBM,balanced_accuracy,0.58718931093353,test,2026-05-11T00:04:41
LightGBM,precision_high_risk,0.5,test,2026-05-11T00:04:41
LightGBM,recall_high_risk,0.2346368715083799,test,2026-05-11T00:04:41
LightGBM,f1_high_risk,0.3193916349809886,test,2026-05-11T00:04:41
LightGBM,precision_low_risk,0.827020202020202,test,2026-05-11T00:04:41
LightGBM,recall_low_risk,0.93974175035868,test,2026-05-11T00:04:41
LightGBM,f1_low_risk,0.8797850906648756,test,2026-05-11T00:04:41
MLP_3Layer,accuracy,0.9130434782608695,train,2026-05-11T00:04:41
MLP_3Layer,balanced_accuracy,0.9437668592862318,train,2026-05-11T00:04:41
MLP_3Layer,precision_high_risk,0.698961937716263,train,2026-05-11T00:04:41
MLP_3Layer,recall_high_risk,0.9950738916256158,train,2026-05-11T00:04:41
MLP_3Layer,f1_high_risk,0.8211382113821138,train,2026-05-11T00:04:41
MLP_3Layer,precision_low_risk,0.9986168741355463,train,2026-05-11T00:04:41
MLP_3Layer,recall_low_risk,0.892459826946848,train,2026-05-11T00:04:41
MLP_3Layer,f1_low_risk,0.9425587467362924,train,2026-05-11T00:04:41
MLP_3Layer,accuracy,0.7248858447488584,test,2026-05-11T00:04:41
MLP_3Layer,balanced_accuracy,0.6506616544969261,test,2026-05-11T00:04:41
MLP_3Layer,precision_high_risk,0.376,test,2026-05-11T00:04:41
MLP_3Layer,recall_high_risk,0.5251396648044693,test,2026-05-11T00:04:41
MLP_3Layer,f1_high_risk,0.4382284382284382,test,2026-05-11T00:04:41
MLP_3Layer,precision_low_risk,0.8642172523961661,test,2026-05-11T00:04:41
MLP_3Layer,recall_low_risk,0.776183644189383,test,2026-05-11T00:04:41
MLP_3Layer,f1_low_risk,0.817838246409675,test,2026-05-11T00:04:41
LightGBM_GBM,accuracy,0.7407407407407407,test,2026-05-11T00:04:41
LightGBM_GBM,balanced_accuracy,0.7250000000000001,test,2026-05-11T00:04:41
LightGBM_GBM,precision_high_risk,0.7777777777777778,test,2026-05-11T00:04:41
LightGBM_GBM,recall_high_risk,0.5833333333333334,test,2026-05-11T00:04:41
LightGBM_GBM,f1_high_risk,0.6666666666666666,test,2026-05-11T00:04:41
LightGBM_GBM,precision_low_risk,0.7222222222222222,test,2026-05-11T00:04:41
LightGBM_GBM,recall_low_risk,0.8666666666666667,test,2026-05-11T00:04:41
LightGBM_GBM,f1_low_risk,0.7878787878787877,test,2026-05-11T00:04:41
LightGBM_LUSC,accuracy,0.775,test,2026-05-11T00:04:41
LightGBM_LUSC,balanced_accuracy,0.6755485893416928,test,2026-05-11T00:04:41
LightGBM_LUSC,precision_high_risk,0.625,test,2026-05-11T00:04:41
LightGBM_LUSC,recall_high_risk,0.45454545454545453,test,2026-05-11T00:04:41
LightGBM_LUSC,f1_high_risk,0.5263157894736842,test,2026-05-11T00:04:41
LightGBM_LUSC,precision_low_risk,0.8125,test,2026-05-11T00:04:41
LightGBM_LUSC,recall_low_risk,0.896551724137931,test,2026-05-11T00:04:41
LightGBM_LUSC,f1_low_risk,0.8524590163934426,test,2026-05-11T00:04:41
LightGBM_HNSC,accuracy,0.7317073170731707,test,2026-05-11T00:04:41
LightGBM_HNSC,balanced_accuracy,0.5854838709677419,test,2026-05-11T00:04:41
LightGBM_HNSC,precision_high_risk,0.42857142857142855,test,2026-05-11T00:04:41
LightGBM_HNSC,recall_high_risk,0.3,test,2026-05-11T00:04:41
LightGBM_HNSC,f1_high_risk,0.3529411764705882,test,2026-05-11T00:04:41
LightGBM_HNSC,precision_low_risk,0.7941176470588235,test,2026-05-11T00:04:41
LightGBM_HNSC,recall_low_risk,0.8709677419354839,test,2026-05-11T00:04:41
LightGBM_HNSC,f1_low_risk,0.8307692307692308,test,2026-05-11T00:04:41
LightGBM_KIRC,accuracy,0.8085106382978723,test,2026-05-11T00:04:41
LightGBM_KIRC,balanced_accuracy,0.6362179487179487,test,2026-05-11T00:04:41
LightGBM_KIRC,precision_high_risk,0.42857142857142855,test,2026-05-11T00:04:41
LightGBM_KIRC,recall_high_risk,0.375,test,2026-05-11T00:04:41
LightGBM_KIRC,f1_high_risk,0.39999999999999997,test,2026-05-11T00:04:41
LightGBM_KIRC,precision_low_risk,0.875,test,2026-05-11T00:04:41
LightGBM_KIRC,recall_low_risk,0.8974358974358975,test,2026-05-11T00:04:41
LightGBM_KIRC,f1_low_risk,0.8860759493670887,test,2026-05-11T00:04:41
LightGBM_LUAD,accuracy,0.5945945945945946,test,2026-05-11T00:04:41
LightGBM_LUAD,balanced_accuracy,0.4388888888888889,test,2026-05-11T00:04:41
LightGBM_LUAD,precision_high_risk,0.14285714285714285,test,2026-05-11T00:04:41
LightGBM_LUAD,recall_high_risk,0.1,test,2026-05-11T00:04:41
LightGBM_LUAD,f1_high_risk,0.11764705882352941,test,2026-05-11T00:04:41
LightGBM_LUAD,precision_low_risk,0.7,test,2026-05-11T00:04:41
LightGBM_LUAD,recall_low_risk,0.7777777777777778,test,2026-05-11T00:04:41
LightGBM_LUAD,f1_low_risk,0.7368421052631577,test,2026-05-11T00:04:41
LightGBM_BLCA,accuracy,0.6857142857142857,test,2026-05-11T00:04:41
LightGBM_BLCA,balanced_accuracy,0.48842592592592593,test,2026-05-11T00:04:41
LightGBM_BLCA,precision_high_risk,0.2,test,2026-05-11T00:04:41
LightGBM_BLCA,recall_high_risk,0.125,test,2026-05-11T00:04:41
LightGBM_BLCA,f1_high_risk,0.15384615384615385,test,2026-05-11T00:04:41
LightGBM_BLCA,precision_low_risk,0.7666666666666667,test,2026-05-11T00:04:41
LightGBM_BLCA,recall_low_risk,0.8518518518518519,test,2026-05-11T00:04:41
LightGBM_BLCA,f1_low_risk,0.8070175438596491,test,2026-05-11T00:04:41
